[
  {
    "id": "1707570000001",
    "title": "Çelik Villa Modelleri: 2026 Trendleri ve Avantajları",
    "category": "Rehber",
    "excerpt": "2026 yılında çelik villa sahibi olmanın avantajlarını, modern mimari trendlerini ve deprem güvenliği konusundaki üstünlüklerini keşfedin.",
    "imageUrl": "/assets/images/oba-celik-yapi-3d-cizim.jpeg",
    "date": "10.02.2026",
    "status": "Yayında"
  },
  {
    "id": "1707570000002",
    "title": "Neden Hafif Çelik Yapı Tercih Etmelisiniz?",
    "category": "Haberler",
    "excerpt": "Hafif çelik yapı sistemlerinin inşaat süresini nasıl kısalttığını, enerji verimliliğini ve çevre dostu yapısını detaylıca inceliyoruz.",
    "imageUrl": "/assets/images/oba-celik-yapi-proje1-(5).webp",
    "date": "10.02.2026",
    "status": "Yayında"
  },
  {
    "id": "1707570000003",
    "title": "Erzincan ve Çevresinde Güvenli Yapılaşma",
    "category": "Tamamlanan Projeler",
    "excerpt": "Erzincan Çayırlı merkezli faaliyetlerimizde, bölgenin deprem riskine en uygun çözümler olan çelik yapıların önemini anlatıyoruz.",
    "imageUrl": "/assets/images/oba-celik-yapi-galeri-(7).jpeg",
    "date": "10.02.2026",
    "status": "Yayında"
  }
]